exception_id,control_run_id,exception_type,severity,source_table,record_reference,instrument_id,description,recommended_action,owner_team,detected_at,status
a40585e0-25ec-47dc-be56-11213015a898,CTRL-20260930121245,Missing instrument ID,Critical,instrument_master,5,,Instrument record has no instrument_id.,Create or correct the internal instrument identifier.,Reference Data,2026-09-30T12:12:45.578158,Open
7cf4c50b-7773-411e-972d-9bd9cc360481,CTRL-20260930121245,Duplicate ISIN,High,instrument_master,INS001,INS001,ISIN DE000BASF111 appears more than once.,Validate security mapping and retain one authoritative record.,Reference Data,2026-09-30T12:12:45.578158,Open
dee95a28-b8bb-4b16-b735-a8d73c805ec4,CTRL-20260930121245,Duplicate ISIN,High,instrument_master,INS005,INS005,ISIN DE000BASF111 appears more than once.,Validate security mapping and retain one authoritative record.,Reference Data,2026-09-30T12:12:45.578158,Open
9a180f34-b58d-4346-9e33-795871518ba8,CTRL-20260930121245,Invalid currency,Medium,instrument_master,nan,,Currency value 'EURO' is not approved.,Standardise to an ISO currency code.,Reference Data,2026-09-30T12:12:45.578158,Open
c21fa5c4-2458-4685-bd03-55a96049329f,CTRL-20260930121245,Invalid asset class,Medium,instrument_master,nan,,Asset class 'Crypto' is not in the approved list.,Correct asset class using approved taxonomy.,Reference Data,2026-09-30T12:12:45.578158,Open
f0edba98-d898-49e3-8e4d-a89f9135abd4,CTRL-20260930121245,Missing market price,High,market_prices,INS005,INS005,Active instrument has no market-price record in this control run.,Check market data feed and re-ingest missing price.,Market Data Operations,2026-09-30T12:12:45.578158,Open
e93f7aa5-b8cb-40a0-a267-34beb3612d2e,CTRL-20260930121245,Missing market price,High,market_prices,INS007,INS007,Active instrument has no market-price record in this control run.,Check market data feed and re-ingest missing price.,Market Data Operations,2026-09-30T12:12:45.578158,Open
5279748c-caf1-4758-b8f9-5d853cf6cb67,CTRL-20260930121245,Invalid market price,High,market_prices,PRC9001,INS001,"Price record has a missing/non-positive close price, or high price below low price.",Quarantine record and validate source feed.,Market Data Operations,2026-09-30T12:12:45.578158,Open
a32fd39a-45c7-4098-b628-bdb3c86b8d6c,CTRL-20260930121245,Unknown instrument reference,Critical,market_prices,PRC9002,INS999,Market price references an instrument absent from master data.,Correct instrument mapping before processing.,Market Data Operations,2026-09-30T12:12:45.578158,Open
ee07db31-2bda-4b4e-9fe2-7d93777a777c,CTRL-20260930121245,Potential duplicate corporate action,High,corporate_actions,CA001,INS001,Corporate action duplicates another event on instrument/type/date/amount.,Validate source event and cancel duplicate if confirmed.,Corporate Actions,2026-09-30T12:12:45.578158,Open
46c06616-88c0-4e2d-9c8f-9c0d467b5c24,CTRL-20260930121245,Potential duplicate corporate action,High,corporate_actions,CA004,INS001,Corporate action duplicates another event on instrument/type/date/amount.,Validate source event and cancel duplicate if confirmed.,Corporate Actions,2026-09-30T12:12:45.578158,Open
5d051ee7-56e9-41e7-a4b2-f47171ab7f4e,CTRL-20260930121245,Invalid corporate action date sequence,High,corporate_actions,CA005,INS002,Ex-date occurs after payable date.,Validate official event dates and correct record.,Corporate Actions,2026-09-30T12:12:45.578158,Open
d471ef1a-c91a-4c4d-91d5-7797b392eae1,CTRL-20260930121245,Invalid dividend amount,High,corporate_actions,CA005,INS002,Dividend event has a missing or non-positive amount.,Confirm event amount with official source.,Corporate Actions,2026-09-30T12:12:45.578158,Open
